{
  "id": "1712143",
  "name": "购物车",
  "font_family": "iconfont",
  "css_prefix_text": "icon-",
  "description": "",
  "glyphs": [
    {
      "icon_id": "908504",
      "name": "返回",
      "font_class": "fanhui",
      "unicode": "e679",
      "unicode_decimal": 59001
    },
    {
      "icon_id": "1177749",
      "name": "我的",
      "font_class": "wode",
      "unicode": "e638",
      "unicode_decimal": 58936
    },
    {
      "icon_id": "2743876",
      "name": "分类",
      "font_class": "fenlei",
      "unicode": "e63f",
      "unicode_decimal": 58943
    },
    {
      "icon_id": "3248683",
      "name": "首页",
      "font_class": "shouye",
      "unicode": "e600",
      "unicode_decimal": 58880
    },
    {
      "icon_id": "13468962",
      "name": "购物车",
      "font_class": "gouwuche",
      "unicode": "e632",
      "unicode_decimal": 58930
    }
  ]
}
